{
"lengthUnit": "mil",
"components": {
	"fields": ["COMPONENT_NO", "COMPONENT_NAME", "LAYER", "X_COORDINATE", "Y_COORDINATE", "ANGLE"],
	"rows": [
		[1, "C1", "B", -100, 340, 90],
		[2, "C2", "B", -350, 340, 90],
		[3, "C3", "B", -235, -195, 0],
		[4, "C4", "B", -110, -135, 0],
		[5, "C5", "T", -130, 0, 0],
		[6, "C6", "T", -130, 70, 0],
		[7, "C7", "B", -445, 265, 180],
		[8, "C8", "B", -490, 195, 180],
		[9, "C9", "B", -360, -155, 270],
		[10, "C12", "B", -180, -570, 0],
		[11, "C13", "B", -180, -500, 0],
		[12, "C14", "B", -235, -265, 0],
		[13, "C15", "B", -110, -265, 180],
		[14, "C20", "B", 15, 370, 0],
		[15, "C21", "B", 295, 260, 90],
		[16, "C22", "B", 150, 370, 180],
		[17, "C23", "B", 285, 370, 180],
		[18, "C30", "B", 165, -580, 90],
		[19, "C31", "B", 280, -160, 180],
		[20, "C32", "B", -520, -200, 90],
		[21, "C33", "T", -455, 55, 180],
		[22, "C34", "B", 520, -180, 90],
		[23, "C35", "T", 455, 55, 0],
		[24, "H1", "T", 0, 0, 270],
		[25, "H2", "T", 0, -580, 0],
		[26, "LED1", "T", 160, -445, 90],
		[27, "LED2", "T", 250, -445, 90],
		[28, "LED3", "T", -295, 395, 90],
		[29, "LED4", "T", 295, 395, 90],
		[30, "Q1", "T", -385, -300, 0],
		[31, "Q2", "T", -385, 145, 0],
		[32, "Q3", "T", 385, -300, 180],
		[33, "Q4", "T", 385, 145, 180],
		[34, "R1", "B", -110, -200, 0],
		[35, "R2", "B", -490, 130, 0],
		[36, "R4", "B", 130, -160, 0],
		[37, "R5", "B", 130, -90, 0],
		[38, "R6", "B", 280, -90, 180],
		[39, "R46", "B", 215, 525, 270],
		[40, "R47", "B", -215, 525, 270],
		[41, "R48", "T", -225, 390, 270],
		[42, "R49", "T", 225, 390, 270],
		[43, "R50", "B", -460, -80, 270],
		[44, "R51", "B", -520, -80, 270],
		[45, "R52", "B", -460, 40, 270],
		[46, "R53", "B", -520, 40, 270],
		[47, "R54", "B", 250, 0, 270],
		[48, "R55", "B", 315, 0, 270],
		[49, "R56", "B", 250, 120, 270],
		[50, "R57", "B", 315, 120, 270],
		[51, "R58", "B", 160, 120, 270],
		[52, "R59", "B", 95, 120, 270],
		[53, "SW1", "T", 0, 340, 0],
		[54, "U14", "B", -240, 85, 0],
		[55, "U27", "B", -180, -385, 270],
		[56, "U33", "B", 170, 260, 0],
		[57, "U39", "B", 970, 0, 270],
		[58, "U41", "B", -970, 0, 90],
		[59, "U42", "B", 15, 270, 270],
		[60, "U43", "B", 200, -350, 0],
		[61, "U89", "T", 0, 525, 180],
		[62, "U90", "T", 514.68, -139.81, 0],
		[63, "U91", "T", 514.68, -217.48, 0],
		[64, "U92", "T", 514.7, 139.8, 0],
		[65, "U93", "T", 514.7, 217.5, 0],
		[66, "U94", "T", -514.7, -139.8, 0],
		[67, "U95", "T", -514.7, -217.5, 0],
		[68, "U96", "T", -514.7, 139.8, 0],
		[69, "U97", "T", -514.7, 217.5, 0],
		[70, "U98", "T", 0, -775, 0],
		[71, "U99", "B", -50, -705, 270],
		[72, "U100", "B", 50, -705, 270],
		[73, "X1", "B", -225, 340, 0]
	]
},
"pins": {
	"fields": ["PIN_NO", "PIN_NAME", "PIN_X", "PIN_Y", "LAYER", "PIN_TYPE", "NET_NAME", "NET_TYPE", "PAD_SHAPE", "PAD_SIZEX", "PAD_SIZEY", "HOLE_SIZE", "PAD_ANGLE"],
	"rows": [
		[1, "C1_1", -100, 312.44, "B", "SMD", "OSCOUT", "", "R", 31.5, 35.43, 0, 90],
		[2, "C1_2", -100, 367.56, "B", "SMD", "GND", "GND", "R", 31.5, 35.43, 0, 90],
		[3, "C2_1", -350, 312.44, "B", "SMD", "GND", "GND", "R", 31.5, 35.43, 0, 90],
		[4, "C2_2", -350, 367.56, "B", "SMD", "OSCIN", "", "R", 31.5, 35.43, 0, 90],
		[5, "C3_1", -262.56, -195, "B", "SMD", "GND", "GND", "R", 31.5, 35.43, 0, 0],
		[6, "C3_2", -207.44, -195, "B", "SMD", "NRST", "", "R", 31.5, 35.43, 0, 0],
		[7, "C4_1", -137.56, -135, "B", "SMD", "GND", "GND", "R", 31.5, 35.43, 0, 0],
		[8, "C4_2", -82.44, -135, "B", "SMD", "3V3", "", "R", 31.5, 35.43, 0, 0],
		[9, "C5_1", -157.56, 0, "T", "SMD", "GND", "GND", "R", 31.5, 35.43, 0, 0],
		[10, "C5_2", -102.44, 0, "T", "SMD", "3V3", "", "R", 31.5, 35.43, 0, 0],
		[11, "C6_1", -157.56, 70, "T", "SMD", "GND", "GND", "R", 31.5, 35.43, 0, 0],
		[12, "C6_2", -102.44, 70, "T", "SMD", "3V3", "", "R", 31.5, 35.43, 0, 0],
		[13, "C7_1", -417.44, 265, "B", "SMD", "3V3", "", "R", 31.5, 35.43, 0, 180],
		[14, "C7_2", -472.56, 265, "B", "SMD", "GND", "GND", "R", 31.5, 35.43, 0, 180],
		[15, "C8_1", -462.44, 195, "B", "SMD", "3V3", "", "R", 31.5, 35.43, 0, 180],
		[16, "C8_2", -517.56, 195, "B", "SMD", "GND", "GND", "R", 31.5, 35.43, 0, 180],
		[17, "C9_1", -360, -127.44, "B", "SMD", "3V3", "", "R", 31.5, 35.43, 0, 270],
		[18, "C9_2", -360, -182.56, "B", "SMD", "GND", "GND", "R", 31.5, 35.43, 0, 270],
		[19, "C12_1", -207.56, -570, "B", "SMD", "GND", "GND", "R", 31.5, 35.43, 0, 0],
		[20, "C12_2", -152.44, -570, "B", "SMD", "4V2", "", "R", 31.5, 35.43, 0, 0],
		[21, "C13_1", -207.56, -500, "B", "SMD", "GND", "GND", "R", 31.5, 35.43, 0, 0],
		[22, "C13_2", -152.44, -500, "B", "SMD", "4V2", "", "R", 31.5, 35.43, 0, 0],
		[23, "C14_1", -262.56, -265, "B", "SMD", "GND", "GND", "R", 31.5, 35.43, 0, 0],
		[24, "C14_2", -207.44, -265, "B", "SMD", "3V3", "", "R", 31.5, 35.43, 0, 0],
		[25, "C15_1", -82.44, -265, "B", "SMD", "GND", "GND", "R", 31.5, 35.43, 0, 180],
		[26, "C15_2", -137.56, -265, "B", "SMD", "3V3", "", "R", 31.5, 35.43, 0, 180],
		[27, "C20_1", -12.56, 370, "B", "SMD", "GND", "GND", "R", 31.5, 35.43, 0, 0],
		[28, "C20_2", 42.56, 370, "B", "SMD", "3V3", "", "R", 31.5, 35.43, 0, 0],
		[29, "C21_1", 295, 232.44, "B", "SMD", "GND", "GND", "R", 31.5, 35.43, 0, 90],
		[30, "C21_2", 295, 287.56, "B", "SMD", "3V3", "", "R", 31.5, 35.43, 0, 90],
		[31, "C22_1", 177.56, 370, "B", "SMD", "GND", "GND", "R", 31.5, 35.43, 0, 180],
		[32, "C22_2", 122.44, 370, "B", "SMD", "3V3", "", "R", 31.5, 35.43, 0, 180],
		[33, "C23_1", 312.56, 370, "B", "SMD", "GND", "GND", "R", 31.5, 35.43, 0, 180],
		[34, "C23_2", 257.44, 370, "B", "SMD", "3V3", "", "R", 31.5, 35.43, 0, 180],
		[35, "C30_1", 165, -607.56, "B", "SMD", "GND", "GND", "R", 31.5, 35.43, 0, 90],
		[36, "C30_2", 165, -552.44, "B", "SMD", "VBAT", "", "R", 31.5, 35.43, 0, 90],
		[37, "C31_1", 307.56, -160, "B", "SMD", "GND", "GND", "R", 31.5, 35.43, 0, 180],
		[38, "C31_2", 252.44, -160, "B", "SMD", "5V", "", "R", 31.5, 35.43, 0, 180],
		[39, "C32_1", -520, -227.56, "B", "SMD", "$1N5596", "", "R", 31.5, 35.43, 0, 90],
		[40, "C32_2", -520, -172.44, "B", "SMD", "VBAT", "", "R", 31.5, 35.43, 0, 90],
		[41, "C33_1", -427.44, 55, "T", "SMD", "$1N8848", "", "R", 31.5, 35.43, 0, 180],
		[42, "C33_2", -482.56, 55, "T", "SMD", "VBAT", "", "R", 31.5, 35.43, 0, 180],
		[43, "C34_1", 520, -207.56, "B", "SMD", "$1N9017", "", "R", 31.5, 35.43, 0, 90],
		[44, "C34_2", 520, -152.44, "B", "SMD", "VBAT", "", "R", 31.5, 35.43, 0, 90],
		[45, "C35_1", 427.44, 55, "T", "SMD", "$1N9186", "", "R", 31.5, 35.43, 0, 0],
		[46, "C35_2", 482.56, 55, "T", "SMD", "VBAT", "", "R", 31.5, 35.43, 0, 0],
		[47, "H1_1", 0, 150, "T", "DIP", "UART3_TX", "", "R", 66.93, 66.93, 43.31, 270],
		[48, "H1_1", 0, 150, "B", "DIP", "UART3_TX", "", "R", 66.93, 66.93, 43.31, 270],
		[49, "H1_2", 0, 50, "T", "DIP", "UART3_RX", "", "C", 66.93, 66.93, 43.31, 270],
		[50, "H1_2", 0, 50, "B", "DIP", "UART3_RX", "", "C", 66.93, 66.93, 43.31, 270],
		[51, "H1_3", 0, -50, "T", "DIP", "GND", "GND", "C", 66.93, 66.93, 43.31, 270],
		[52, "H1_3", 0, -50, "B", "DIP", "GND", "GND", "C", 66.93, 66.93, 43.31, 270],
		[53, "H1_4", 0, -150, "T", "DIP", "4V2", "", "C", 66.93, 66.93, 43.31, 270],
		[54, "H1_4", 0, -150, "B", "DIP", "4V2", "", "C", 66.93, 66.93, 43.31, 270],
		[55, "H2_1", -50, -580, "T", "DIP", "4V2", "", "R", 66.93, 66.93, 39.37, 0],
		[56, "H2_1", -50, -580, "B", "DIP", "4V2", "", "R", 66.93, 66.93, 39.37, 0],
		[57, "H2_2", 50, -580, "T", "DIP", "VBAT", "", "C", 66.93, 66.93, 39.37, 0],
		[58, "H2_2", 50, -580, "B", "DIP", "VBAT", "", "C", 66.93, 66.93, 39.37, 0],
		[59, "LED1_1", 160.4, -478.5, "T", "SMD", "$1N4551", "", "R", 31.5, 31.5, 0, 180],
		[60, "LED1_2", 160.2, -415.5, "T", "SMD", "$1N4662", "", "R", 31.5, 31.5, 0, 180],
		[61, "LED2_1", 250.4, -478.5, "T", "SMD", "$1N4555", "", "R", 31.5, 31.5, 0, 180],
		[62, "LED2_2", 250.2, -415.5, "T", "SMD", "$1N4716", "", "R", 31.5, 31.5, 0, 180],
		[63, "LED3_1", -294.6, 361.5, "T", "SMD", "LED1", "", "R", 31.5, 31.5, 0, 180],
		[64, "LED3_2", -294.8, 424.5, "T", "SMD", "$1N5354", "", "R", 31.5, 31.5, 0, 180],
		[65, "LED4_1", 295.4, 361.5, "T", "SMD", "LED2", "", "R", 31.5, 31.5, 0, 180],
		[66, "LED4_2", 295.2, 424.5, "T", "SMD", "$1N5381", "", "R", 31.5, 31.5, 0, 180],
		[67, "Q1_1", -345.63, -337.4, "T", "SMD", "$1N8554", "", "R", 49.21, 27.56, 0, 0],
		[68, "Q1_2", -345.63, -262.6, "T", "SMD", "GND", "GND", "R", 49.21, 27.56, 0, 0],
		[69, "Q1_3", -424.37, -300, "T", "SMD", "$1N5596", "", "R", 49.21, 27.56, 0, 0],
		[70, "Q2_1", -345.63, 107.6, "T", "SMD", "$1N8858", "", "R", 49.21, 27.56, 0, 0],
		[71, "Q2_2", -345.63, 182.4, "T", "SMD", "GND", "GND", "R", 49.21, 27.56, 0, 0],
		[72, "Q2_3", -424.37, 145, "T", "SMD", "$1N8848", "", "R", 49.21, 27.56, 0, 0],
		[73, "Q3_1", 345.63, -262.6, "T", "SMD", "$1N9027", "", "R", 49.21, 27.56, 0, 180],
		[74, "Q3_2", 345.63, -337.4, "T", "SMD", "GND", "GND", "R", 49.21, 27.56, 0, 180],
		[75, "Q3_3", 424.37, -300, "T", "SMD", "$1N9017", "", "R", 49.21, 27.56, 0, 180],
		[76, "Q4_1", 345.63, 182.4, "T", "SMD", "$1N9196", "", "R", 49.21, 27.56, 0, 180],
		[77, "Q4_2", 345.63, 107.6, "T", "SMD", "GND", "GND", "R", 49.21, 27.56, 0, 180],
		[78, "Q4_3", 424.37, 145, "T", "SMD", "$1N9186", "", "R", 49.21, 27.56, 0, 180],
		[79, "R1_1", -139.66, -200, "B", "SMD", "NRST", "", "R", 31.75, 34.02, 0, 0],
		[80, "R1_2", -80.34, -200, "B", "SMD", "3V3", "", "R", 31.75, 34.02, 0, 0],
		[81, "R2_1", -519.66, 130, "B", "SMD", "GND", "GND", "R", 31.75, 34.02, 0, 0],
		[82, "R2_2", -460.34, 130, "B", "SMD", "BOOT0", "", "R", 31.75, 34.02, 0, 0],
		[83, "R4_1", 100.34, -160, "B", "SMD", "GND", "GND", "R", 31.75, 34.02, 0, 0],
		[84, "R4_2", 159.66, -160, "B", "SMD", "$1N4477", "", "R", 31.75, 34.02, 0, 0],
		[85, "R5_1", 100.34, -90, "B", "SMD", "$1N4662", "", "R", 31.75, 34.02, 0, 0],
		[86, "R5_2", 159.66, -90, "B", "SMD", "5V", "", "R", 31.75, 34.02, 0, 0],
		[87, "R6_1", 309.66, -90, "B", "SMD", "$1N4716", "", "R", 31.75, 34.02, 0, 180],
		[88, "R6_2", 250.34, -90, "B", "SMD", "5V", "", "R", 31.75, 34.02, 0, 180],
		[89, "R46_1", 215, 554.66, "B", "SMD", "GND", "GND", "R", 31.75, 34.02, 0, 270],
		[90, "R46_2", 215, 495.34, "B", "SMD", "$1N5211", "", "R", 31.75, 34.02, 0, 270],
		[91, "R47_1", -215, 554.66, "B", "SMD", "$1N5212", "", "R", 31.75, 34.02, 0, 270],
		[92, "R47_2", -215, 495.34, "B", "SMD", "GND", "GND", "R", 31.75, 34.02, 0, 270],
		[93, "R48_1", -225, 419.66, "T", "SMD", "$1N5354", "", "R", 31.75, 34.02, 0, 270],
		[94, "R48_2", -225, 360.34, "T", "SMD", "3V3", "", "R", 31.75, 34.02, 0, 270],
		[95, "R49_1", 225, 419.66, "T", "SMD", "$1N5381", "", "R", 31.75, 34.02, 0, 270],
		[96, "R49_2", 225, 360.34, "T", "SMD", "3V3", "", "R", 31.75, 34.02, 0, 270],
		[97, "R50_1", -460, -50.34, "B", "SMD", "PWM3", "", "R", 31.75, 34.02, 0, 270],
		[98, "R50_2", -460, -109.66, "B", "SMD", "$1N8554", "", "R", 31.75, 34.02, 0, 270],
		[99, "R51_1", -520, -50.34, "B", "SMD", "GND", "GND", "R", 31.75, 34.02, 0, 270],
		[100, "R51_2", -520, -109.66, "B", "SMD", "$1N8554", "", "R", 31.75, 34.02, 0, 270],
		[101, "R52_1", -460, 69.66, "B", "SMD", "PWM4", "", "R", 31.75, 34.02, 0, 270],
		[102, "R52_2", -460, 10.34, "B", "SMD", "$1N8858", "", "R", 31.75, 34.02, 0, 270],
		[103, "R53_1", -520, 69.66, "B", "SMD", "GND", "GND", "R", 31.75, 34.02, 0, 270],
		[104, "R53_2", -520, 10.34, "B", "SMD", "$1N8858", "", "R", 31.75, 34.02, 0, 270],
		[105, "R54_1", 250, 29.66, "B", "SMD", "PWM1", "", "R", 31.75, 34.02, 0, 270],
		[106, "R54_2", 250, -29.66, "B", "SMD", "$1N9027", "", "R", 31.75, 34.02, 0, 270],
		[107, "R55_1", 315, 29.66, "B", "SMD", "GND", "GND", "R", 31.75, 34.02, 0, 270],
		[108, "R55_2", 315, -29.66, "B", "SMD", "$1N9027", "", "R", 31.75, 34.02, 0, 270],
		[109, "R56_1", 250, 149.66, "B", "SMD", "PWM2", "", "R", 31.75, 34.02, 0, 270],
		[110, "R56_2", 250, 90.34, "B", "SMD", "$1N9196", "", "R", 31.75, 34.02, 0, 270],
		[111, "R57_1", 315, 149.66, "B", "SMD", "GND", "GND", "R", 31.75, 34.02, 0, 270],
		[112, "R57_2", 315, 90.34, "B", "SMD", "$1N9196", "", "R", 31.75, 34.02, 0, 270],
		[113, "R58_1", 160, 149.66, "B", "SMD", "I2C2_SCL", "", "R", 31.75, 34.02, 0, 270],
		[114, "R58_2", 160, 90.34, "B", "SMD", "3V3", "", "R", 31.75, 34.02, 0, 270],
		[115, "R59_1", 95, 149.66, "B", "SMD", "I2C2_SDA", "", "R", 31.75, 34.02, 0, 270],
		[116, "R59_2", 95, 90.34, "B", "SMD", "3V3", "", "R", 31.75, 34.02, 0, 270],
		[117, "SW1_1", -80.12, 340, "T", "SMD", "NRST", "", "R", 60.24, 53.54, 0, 0],
		[118, "SW1_2", 80.12, 340, "T", "SMD", "GND", "GND", "R", 60.24, 53.54, 0, 0],
		[119, "U14_1", -348.3, 220.8, "B", "SMD", "3V3", "", "O", 11.02, 35.43, 0, 0],
		[120, "U14_2", -328.6, 220.8, "B", "SMD", "GPIO3", "", "O", 11.02, 35.43, 0, 0],
		[121, "U14_3", -308.9, 220.8, "B", "SMD", "GPIO4", "", "O", 11.02, 35.43, 0, 0],
		[122, "U14_4", -289.2, 220.8, "B", "SMD", "GPIO5", "", "O", 11.02, 35.43, 0, 0],
		[123, "U14_5", -269.5, 220.8, "B", "SMD", "OSCIN", "", "O", 11.02, 35.43, 0, 0],
		[124, "U14_6", -249.8, 220.8, "B", "SMD", "OSCOUT", "", "O", 11.02, 35.43, 0, 0],
		[125, "U14_7", -230.2, 220.8, "B", "SMD", "NRST", "", "O", 11.02, 35.43, 0, 0],
		[126, "U14_8", -210.5, 220.8, "B", "SMD", "LED1", "", "O", 11.02, 35.43, 0, 0],
		[127, "U14_9", -190.8, 220.8, "B", "SMD", "LED2", "", "O", 11.02, 35.43, 0, 0],
		[128, "U14_10", -171.1, 220.8, "B", "SMD", "PWM3", "", "O", 11.02, 35.43, 0, 0],
		[129, "U14_11", -151.4, 220.8, "B", "SMD", "PWM4", "", "O", 11.02, 35.43, 0, 0],
		[130, "U14_12", -131.7, 220.8, "B", "SMD", "IMU_CS", "", "O", 11.02, 35.43, 0, 0],
		[131, "U14_13", -104.2, 193.3, "B", "SMD", "IMU_SCK", "", "O", 35.43, 11.02, 0, 0],
		[132, "U14_14", -104.2, 173.6, "B", "SMD", "IMU_MISO", "", "O", 35.43, 11.02, 0, 0],
		[133, "U14_15", -104.2, 153.9, "B", "SMD", "IMU_MOSI", "", "O", 35.43, 11.02, 0, 0],
		[134, "U14_16", -104.2, 134.2, "B", "SMD", "I2C2_SCL", "", "O", 35.43, 11.02, 0, 0],
		[135, "U14_17", -104.2, 114.5, "B", "SMD", "U14_17", "", "O", 35.43, 11.02, 0, 0],
		[136, "U14_18", -104.2, 94.8, "B", "SMD", "U14_18", "", "O", 35.43, 11.02, 0, 0],
		[137, "U14_19", -104.2, 75.2, "B", "SMD", "U14_19", "", "O", 35.43, 11.02, 0, 0],
		[138, "U14_20", -104.2, 55.5, "B", "SMD", "3V3", "", "O", 35.43, 11.02, 0, 0],
		[139, "U14_21", -104.2, 35.8, "B", "SMD", "3V3", "", "O", 35.43, 11.02, 0, 0],
		[140, "U14_22", -104.2, 16.1, "B", "SMD", "UART3_TX", "", "O", 35.43, 11.02, 0, 0],
		[141, "U14_23", -104.2, -3.6, "B", "SMD", "3V3", "", "O", 35.43, 11.02, 0, 0],
		[142, "U14_24", -104.2, -23.3, "B", "SMD", "UART3_RX", "", "O", 35.43, 11.02, 0, 0],
		[143, "U14_25", -131.7, -50.8, "B", "SMD", "U14_25", "", "O", 11.02, 35.43, 0, 0],
		[144, "U14_26", -151.4, -50.8, "B", "SMD", "U14_26", "", "O", 11.02, 35.43, 0, 0],
		[145, "U14_27", -171.1, -50.8, "B", "SMD", "U14_27", "", "O", 11.02, 35.43, 0, 0],
		[146, "U14_28", -190.8, -50.8, "B", "SMD", "U14_28", "", "O", 11.02, 35.43, 0, 0],
		[147, "U14_29", -210.5, -50.8, "B", "SMD", "U14_29", "", "O", 11.02, 35.43, 0, 0],
		[148, "U14_30", -230.2, -50.8, "B", "SMD", "I2C2_SDA", "", "O", 11.02, 35.43, 0, 0],
		[149, "U14_31", -249.8, -50.8, "B", "SMD", "UART1_TX", "", "O", 11.02, 35.43, 0, 0],
		[150, "U14_32", -269.5, -50.8, "B", "SMD", "UART1_RX", "", "O", 11.02, 35.43, 0, 0],
		[151, "U14_33", -289.2, -50.8, "B", "SMD", "USB_DM", "", "O", 11.02, 35.43, 0, 0],
		[152, "U14_34", -308.9, -50.8, "B", "SMD", "USB_DP", "", "O", 11.02, 35.43, 0, 0],
		[153, "U14_35", -328.6, -50.8, "B", "SMD", "3V3", "", "O", 11.02, 35.43, 0, 0],
		[154, "U14_36", -348.3, -50.8, "B", "SMD", "SWDIO", "", "O", 11.02, 35.43, 0, 0],
		[155, "U14_37", -375.8, -23.3, "B", "SMD", "SWCLK", "", "O", 35.43, 11.02, 0, 0],
		[156, "U14_38", -375.8, -3.6, "B", "SMD", "PWM1", "", "O", 35.43, 11.02, 0, 0],
		[157, "U14_39", -375.8, 16.1, "B", "SMD", "GPIO1", "", "O", 35.43, 11.02, 0, 0],
		[158, "U14_40", -375.8, 35.8, "B", "SMD", "GPIO2", "", "O", 35.43, 11.02, 0, 0],
		[159, "U14_41", -375.8, 55.5, "B", "SMD", "PWM2", "", "O", 35.43, 11.02, 0, 0],
		[160, "U14_42", -375.8, 75.2, "B", "SMD", "PWM5", "", "O", 35.43, 11.02, 0, 0],
		[161, "U14_43", -375.8, 94.8, "B", "SMD", "PWM6", "", "O", 35.43, 11.02, 0, 0],
		[162, "U14_44", -375.8, 114.5, "B", "SMD", "PWM7", "", "O", 35.43, 11.02, 0, 0],
		[163, "U14_45", -375.8, 134.2, "B", "SMD", "PWM8", "", "O", 35.43, 11.02, 0, 0],
		[164, "U14_46", -375.8, 153.9, "B", "SMD", "BOOT0", "", "O", 35.43, 11.02, 0, 0],
		[165, "U14_47", -375.8, 173.6, "B", "SMD", "U14_47", "", "O", 35.43, 11.02, 0, 0],
		[166, "U14_48", -375.8, 193.3, "B", "SMD", "3V3", "", "O", 35.43, 11.02, 0, 0],
		[167, "U14_49", -240, 85, "B", "SMD", "GND", "GND", "R", 216.54, 216.54, 0, 0],
		[168, "U27_1", -142.6, -436.18, "B", "SMD", "4V2", "", "R", 39.37, 23.62, 0, 270],
		[169, "U27_2", -180, -436.18, "B", "SMD", "GND", "GND", "R", 39.37, 23.62, 0, 270],
		[170, "U27_3", -217.4, -436.18, "B", "SMD", "4V2", "", "R", 39.37, 23.62, 0, 270],
		[171, "U27_4", -217.4, -333.82, "B", "SMD", "GND", "GND", "R", 39.37, 23.62, 0, 270],
		[172, "U27_5", -142.6, -333.82, "B", "SMD", "3V3", "", "R", 39.37, 23.62, 0, 270],
		[173, "U33_1", 120.32, 230.47, "B", "SMD", "IMU_MISO", "", "R", 26.57, 11.02, 0, 0],
		[174, "U33_2", 120.32, 250.16, "B", "SMD", "GND", "GND", "R", 26.57, 11.02, 0, 0],
		[175, "U33_3", 120.32, 269.84, "B", "SMD", "GND", "GND", "R", 26.57, 11.02, 0, 0],
		[176, "U33_4", 120.32, 289.53, "B", "SMD", "U33_4", "", "R", 26.57, 11.02, 0, 0],
		[177, "U33_5", 150.31, 299.86, "B", "SMD", "3V3", "", "R", 11.02, 26.57, 0, 0],
		[178, "U33_6", 170, 299.86, "B", "SMD", "GND", "GND", "R", 11.02, 26.57, 0, 0],
		[179, "U33_7", 189.69, 299.86, "B", "SMD", "GND", "GND", "R", 11.02, 26.57, 0, 0],
		[180, "U33_8", 219.69, 289.53, "B", "SMD", "3V3", "", "R", 26.57, 11.02, 0, 0],
		[181, "U33_9", 219.69, 269.84, "B", "SMD", "U33_9", "", "R", 26.57, 11.02, 0, 0],
		[182, "U33_10", 219.69, 250.16, "B", "SMD", "U33_10", "", "R", 26.57, 11.02, 0, 0],
		[183, "U33_11", 219.69, 230.47, "B", "SMD", "U33_11", "", "R", 26.57, 11.02, 0, 0],
		[184, "U33_12", 189.69, 220.14, "B", "SMD", "IMU_CS", "", "R", 11.02, 26.57, 0, 0],
		[185, "U33_13", 170, 220.14, "B", "SMD", "IMU_SCK", "", "R", 11.02, 26.57, 0, 0],
		[186, "U33_14", 150.31, 220.14, "B", "SMD", "IMU_MOSI", "", "R", 11.02, 26.57, 0, 0],
		[187, "U39_1", 903.07, 59.05, "B", "SMD", "GND", "GND", "R", 19.68, 66.93, 0, 270],
		[188, "U39_2", 903.07, 19.68, "B", "SMD", "3V3", "", "R", 19.68, 66.93, 0, 270],
		[189, "U39_3", 903.07, -19.69, "B", "SMD", "I2C2_SCL", "", "R", 19.68, 66.93, 0, 270],
		[190, "U39_4", 903.07, -59.06, "B", "SMD", "I2C2_SDA", "", "R", 19.68, 66.93, 0, 270],
		[191, "U39_5", 1036.93, -102.36, "B", "SMD", "U39_5", "", "R", 47.24, 98.42, 0, 270],
		[192, "U39_6", 1036.93, 102.36, "B", "SMD", "U39_6", "", "R", 47.24, 98.42, 0, 270],
		[193, "U41_1", -903.07, -59.05, "B", "SMD", "GND", "GND", "R", 19.68, 66.93, 0, 90],
		[194, "U41_2", -903.07, -19.68, "B", "SMD", "3V3", "", "R", 19.68, 66.93, 0, 90],
		[195, "U41_3", -903.07, 19.69, "B", "SMD", "SWDIO", "", "R", 19.68, 66.93, 0, 90],
		[196, "U41_4", -903.07, 59.06, "B", "SMD", "SWCLK", "", "R", 19.68, 66.93, 0, 90],
		[197, "U41_5", -1036.93, 102.36, "B", "SMD", "U41_5", "", "R", 47.24, 98.42, 0, 90],
		[198, "U41_6", -1036.93, -102.36, "B", "SMD", "U41_6", "", "R", 47.24, 98.42, 0, 90],
		[199, "U42_1", -23.39, 241.46, "B", "SMD", "GND", "GND", "R", 23.62, 15.75, 0, 270],
		[200, "U42_2", 2.21, 241.46, "B", "SMD", "3V3", "", "R", 23.62, 15.75, 0, 270],
		[201, "U42_3", 27.79, 241.46, "B", "SMD", "I2C2_SDA", "", "R", 23.62, 15.75, 0, 270],
		[202, "U42_4", 53.39, 241.46, "B", "SMD", "I2C2_SCL", "", "R", 23.62, 15.75, 0, 270],
		[203, "U42_5", 53.39, 298.54, "B", "SMD", "GND", "GND", "R", 23.62, 15.75, 0, 270],
		[204, "U42_6", 27.79, 298.54, "B", "SMD", "3V3", "", "R", 23.62, 15.75, 0, 270],
		[205, "U42_7", 2.21, 298.54, "B", "SMD", "GND", "GND", "R", 23.62, 15.75, 0, 270],
		[206, "U42_8", -23.39, 298.54, "B", "SMD", "3V3", "", "R", 23.62, 15.75, 0, 270],
		[207, "U43_1", 125, -235.5, "B", "SMD", "GND", "GND", "R", 23.62, 47.24, 0, 0],
		[208, "U43_2", 175, -235.5, "B", "SMD", "$1N4477", "", "R", 23.62, 47.24, 0, 0],
		[209, "U43_3", 225, -235.5, "B", "SMD", "GND", "GND", "R", 23.62, 47.24, 0, 0],
		[210, "U43_4", 275, -235.5, "B", "SMD", "5V", "", "R", 23.62, 47.24, 0, 0],
		[211, "U43_5", 275, -464.5, "B", "SMD", "VBAT", "", "R", 23.62, 47.24, 0, 0],
		[212, "U43_6", 225, -464.5, "B", "SMD", "$1N4555", "", "R", 23.62, 47.24, 0, 0],
		[213, "U43_7", 175, -464.5, "B", "SMD", "$1N4551", "", "R", 23.62, 47.24, 0, 0],
		[214, "U43_8", 125, -464.5, "B", "SMD", "5V", "", "R", 23.62, 47.24, 0, 0],
		[215, "U43_9", 200, -350, "B", "SMD", "GND", "GND", "R", 129.92, 94.49, 0, 180],
		[216, "U89_17", -98.43, 440.35, "T", "DIP", "GND", "GND", "O", 70.87, 39.37, 53.74, 180],
		[217, "U89_17", -98.43, 440.35, "B", "DIP", "GND", "GND", "O", 70.87, 39.37, 53.74, 180],
		[218, "U89_18", 98.42, 440.35, "T", "DIP", "GND", "GND", "O", 70.87, 39.37, 53.74, 180],
		[219, "U89_18", 98.42, 440.35, "B", "DIP", "GND", "GND", "O", 70.87, 39.37, 53.74, 180],
		[220, "U89_19", 98.43, 609.65, "T", "DIP", "GND", "GND", "O", 70.87, 39.37, 53.74, 180],
		[221, "U89_19", 98.43, 609.65, "B", "DIP", "GND", "GND", "O", 70.87, 39.37, 53.74, 180],
		[222, "U89_20", -98.42, 609.65, "T", "DIP", "GND", "GND", "O", 70.87, 39.37, 53.74, 180],
		[223, "U89_20", -98.42, 609.65, "B", "DIP", "GND", "GND", "O", 70.87, 39.37, 53.74, 180],
		[224, "U89_A1", 151.58, 498.43, "T", "DIP", "GND", "GND", "C", 31.5, 31.5, 19.69, 180],
		[225, "U89_A1", 151.58, 498.43, "B", "DIP", "GND", "GND", "C", 31.5, 31.5, 19.69, 180],
		[226, "U89_A12", -151.57, 498.43, "T", "DIP", "GND", "GND", "C", 31.5, 31.5, 19.69, 180],
		[227, "U89_A12", -151.57, 498.43, "B", "DIP", "GND", "GND", "C", 31.5, 31.5, 19.69, 180],
		[228, "U89_A4", 108.28, 498.43, "T", "DIP", "5V", "", "C", 31.5, 31.5, 19.69, 180],
		[229, "U89_A4", 108.28, 498.43, "B", "DIP", "5V", "", "C", 31.5, 31.5, 19.69, 180],
		[230, "U89_A5", 64.97, 498.43, "T", "DIP", "$1N5211", "", "C", 31.5, 31.5, 19.69, 180],
		[231, "U89_A5", 64.97, 498.43, "B", "DIP", "$1N5211", "", "C", 31.5, 31.5, 19.69, 180],
		[232, "U89_A6", 21.65, 498.43, "T", "DIP", "USB_DP", "", "C", 31.5, 31.5, 19.69, 180],
		[233, "U89_A6", 21.65, 498.43, "B", "DIP", "USB_DP", "", "C", 31.5, 31.5, 19.69, 180],
		[234, "U89_A7", -21.65, 498.43, "T", "DIP", "USB_DM", "", "C", 31.5, 31.5, 19.69, 180],
		[235, "U89_A7", -21.65, 498.43, "B", "DIP", "USB_DM", "", "C", 31.5, 31.5, 19.69, 180],
		[236, "U89_A8", -64.95, 498.43, "T", "DIP", "U89_A8", "", "C", 31.5, 31.5, 19.69, 180],
		[237, "U89_A8", -64.95, 498.43, "B", "DIP", "U89_A8", "", "C", 31.5, 31.5, 19.69, 180],
		[238, "U89_A9", -108.26, 498.43, "T", "DIP", "5V", "", "C", 31.5, 31.5, 19.69, 180],
		[239, "U89_A9", -108.26, 498.43, "B", "DIP", "5V", "", "C", 31.5, 31.5, 19.69, 180],
		[240, "U89_B1", -151.57, 551.58, "T", "DIP", "GND", "GND", "C", 31.5, 31.5, 19.69, 180],
		[241, "U89_B1", -151.57, 551.58, "B", "DIP", "GND", "GND", "C", 31.5, 31.5, 19.69, 180],
		[242, "U89_B12", 151.57, 551.58, "T", "DIP", "GND", "GND", "C", 31.5, 31.5, 19.69, 180],
		[243, "U89_B12", 151.57, 551.58, "B", "DIP", "GND", "GND", "C", 31.5, 31.5, 19.69, 180],
		[244, "U89_B4", -108.26, 551.58, "T", "DIP", "5V", "", "C", 31.5, 31.5, 19.69, 180],
		[245, "U89_B4", -108.26, 551.58, "B", "DIP", "5V", "", "C", 31.5, 31.5, 19.69, 180],
		[246, "U89_B5", -64.96, 551.58, "T", "DIP", "$1N5212", "", "C", 31.5, 31.5, 19.69, 180],
		[247, "U89_B5", -64.96, 551.58, "B", "DIP", "$1N5212", "", "C", 31.5, 31.5, 19.69, 180],
		[248, "U89_B6", -21.64, 551.58, "T", "DIP", "USB_DP", "", "C", 31.5, 31.5, 19.69, 180],
		[249, "U89_B6", -21.64, 551.58, "B", "DIP", "USB_DP", "", "C", 31.5, 31.5, 19.69, 180],
		[250, "U89_B7", 21.66, 551.58, "T", "DIP", "USB_DM", "", "C", 31.5, 31.5, 19.69, 180],
		[251, "U89_B7", 21.66, 551.58, "B", "DIP", "USB_DM", "", "C", 31.5, 31.5, 19.69, 180],
		[252, "U89_B8", 64.96, 551.58, "T", "DIP", "U89_B8", "", "C", 31.5, 31.5, 19.69, 180],
		[253, "U89_B8", 64.96, 551.58, "B", "DIP", "U89_B8", "", "C", 31.5, 31.5, 19.69, 180],
		[254, "U89_B9", 108.28, 551.58, "T", "DIP", "5V", "", "C", 31.5, 31.5, 19.69, 180],
		[255, "U89_B9", 108.28, 551.58, "B", "DIP", "5V", "", "C", 31.5, 31.5, 19.69, 180],
		[256, "U90_1", 514.68, -139.81, "T", "SMD", "VBAT", "", "P", 98.43, 62.99, 0, 0],
		[257, "U91_1", 514.68, -217.48, "T", "SMD", "$1N9017", "", "P", 98.43, 62.99, 0, 0],
		[258, "U92_1", 514.7, 139.8, "T", "SMD", "VBAT", "", "P", 98.43, 62.99, 0, 0],
		[259, "U93_1", 514.7, 217.5, "T", "SMD", "$1N9186", "", "P", 98.43, 62.99, 0, 0],
		[260, "U94_1", -514.7, -139.8, "T", "SMD", "VBAT", "", "P", 98.43, 62.99, 0, 0],
		[261, "U95_1", -514.7, -217.5, "T", "SMD", "$1N5596", "", "P", 98.43, 62.99, 0, 0],
		[262, "U96_1", -514.7, 139.8, "T", "SMD", "VBAT", "", "P", 98.43, 62.99, 0, 0],
		[263, "U97_1", -514.7, 217.5, "T", "SMD", "$1N8848", "", "P", 98.43, 62.99, 0, 0],
		[264, "U98_1", -59.05, -708.07, "T", "SMD", "GND", "GND", "R", 19.68, 66.93, 0, 0],
		[265, "U98_2", -19.68, -708.07, "T", "SMD", "4V2", "", "R", 19.68, 66.93, 0, 0],
		[266, "U98_3", 19.69, -708.07, "T", "SMD", "UART1_TX", "", "R", 19.68, 66.93, 0, 0],
		[267, "U98_4", 59.06, -708.07, "T", "SMD", "UART1_RX", "", "R", 19.68, 66.93, 0, 0],
		[268, "U98_5", 102.36, -841.93, "T", "SMD", "U98_5", "", "R", 47.24, 98.42, 0, 0],
		[269, "U98_6", -102.36, -841.93, "T", "SMD", "U98_6", "", "R", 47.24, 98.42, 0, 0],
		[270, "U99_1", -50, -705, "B", "SMD", "GND", "GND", "P", 62.99, 98.43, 0, 270],
		[271, "U100_1", 50, -705, "B", "SMD", "VBAT", "", "P", 62.99, 98.43, 0, 270],
		[272, "X1_1", -268.31, 374.45, "B", "SMD", "OSCIN", "", "R", 55.12, 47.24, 0, 0],
		[273, "X1_2", -181.69, 374.45, "B", "SMD", "GND", "GND", "R", 55.12, 47.24, 0, 0],
		[274, "X1_3", -181.69, 305.55, "B", "SMD", "OSCOUT", "", "R", 55.12, 47.24, 0, 0],
		[275, "X1_4", -268.31, 305.55, "B", "SMD", "GND", "GND", "R", 55.12, 47.24, 0, 0]
	]
}
}